origin,avg(dep_delay)
LGA,10.3468756464944
JFK,12.112159099217665
EWR,15.10795435218885
