origin,avg(dep_delay)
JFK,12.112159099217665
EWR,15.10795435218885
LGA,10.3468756464944
